EnrollmentID,StudentID,CourseID,TermID,EnrollmentDate,WithdrawalDate,Status
741,148,74,15,2024-08-01,,Active
742,148,107,15,2024-08-01,,Completed
743,148,114,15,2024-08-01,,Active
744,148,55,15,2024-08-01,,Active
1264,250,28,15,2024-08-01,,Active
1265,250,35,15,2024-08-01,,Completed
1266,250,128,15,2024-08-01,,Active
1267,250,126,15,2024-08-01,,Active
1887,376,85,15,2024-08-01,,Active
1888,376,65,15,2024-08-01,,Active
1889,376,84,15,2024-08-01,,Active
1890,376,33,15,2024-08-01,,Active
1891,376,52,15,2024-08-01,,Active
2100,418,52,15,2024-08-01,,Active
2101,418,30,15,2024-08-01,,Active
2102,418,108,15,2024-08-01,,Active
2103,418,149,15,2024-08-01,,Active
2104,418,115,15,2024-08-01,,Withdrawn
2145,427,10,15,2024-08-01,,Active
2146,427,67,15,2024-08-01,,Active
2147,427,96,15,2024-08-01,,Active
2148,427,74,15,2024-08-01,,Active
2719,544,104,15,2024-08-01,,Active
2720,544,49,15,2024-08-01,,Active
2721,544,119,15,2024-08-01,,Active
2722,544,32,15,2024-08-01,,Active
2723,544,111,15,2024-08-01,,Active
2724,544,106,15,2024-08-01,,Active
2751,550,24,15,2024-08-01,,Active
2752,550,15,15,2024-08-01,,Active
2753,550,16,15,2024-08-01,,Active
2754,550,129,15,2024-08-01,,Active
2871,575,117,15,2024-08-01,,Active
2872,575,125,15,2024-08-01,,Active
2873,575,134,15,2024-08-01,,Active
2874,575,130,15,2024-08-01,,Active
2875,575,128,15,2024-08-01,,Active
2876,575,25,15,2024-08-01,,Active
3142,629,76,15,2024-08-01,,Completed
3143,629,107,15,2024-08-01,,Active
3144,629,33,15,2024-08-01,,Active
3145,629,73,15,2024-08-01,,Active
3146,629,36,15,2024-08-01,,Active
3147,629,100,15,2024-08-01,,Active
3714,741,150,15,2024-08-01,,Active
3715,741,129,15,2024-08-01,,Active
3716,741,76,15,2024-08-01,,Withdrawn
3717,741,55,15,2024-08-01,,Active
3718,741,46,15,2024-08-01,,Active
3724,743,18,15,2024-08-01,,Active
3725,743,29,15,2024-08-01,,Active
3726,743,43,15,2024-08-01,,Active
3727,743,8,15,2024-08-01,,Active
4170,832,130,15,2024-08-01,,Completed
4171,832,98,15,2024-08-01,,Active
4172,832,18,15,2024-08-01,,Active
4173,832,93,15,2024-08-01,,Active
4174,832,114,15,2024-08-01,,Active
4420,881,47,15,2024-08-01,,Active
4421,881,43,15,2024-08-01,,Active
4422,881,41,15,2024-08-01,,Active
4423,881,26,15,2024-08-01,,Active
4424,881,111,15,2024-08-01,,Active
4425,881,110,15,2024-08-01,,Active
4807,958,47,15,2024-08-01,,Completed
4808,958,125,15,2024-08-01,,Active
4809,958,91,15,2024-08-01,,Active
4810,958,48,15,2024-08-01,,Active
4811,958,131,15,2024-08-01,,Active
4812,958,70,15,2024-08-01,,Active
5196,1038,63,15,2024-08-01,,Active
5197,1038,75,15,2024-08-01,,Active
5198,1038,73,15,2024-08-01,,Active
5199,1038,106,15,2024-08-01,,Completed
5200,1038,38,15,2024-08-01,,Active
5201,1038,84,15,2024-08-01,,Active
5851,1171,47,15,2024-08-01,,Active
5852,1171,60,15,2024-08-01,,Active
5853,1171,22,15,2024-08-01,,Active
5854,1171,6,15,2024-08-01,,Completed
6020,1205,148,15,2024-08-01,,Active
6021,1205,43,15,2024-08-01,,Active
6022,1205,41,15,2024-08-01,,Active
6023,1205,81,15,2024-08-01,,Active
6024,1205,34,15,2024-08-01,,Active
6357,1274,83,15,2024-08-01,,Active
6358,1274,93,15,2024-08-01,,Active
6359,1274,132,15,2024-08-01,,Active
6360,1274,75,15,2024-08-01,,Active
6802,1363,63,15,2024-08-01,,Active
6803,1363,23,15,2024-08-01,,Active
6804,1363,136,15,2024-08-01,,Active
6805,1363,1,15,2024-08-01,,Active
6806,1363,105,15,2024-08-01,,Active
6807,1363,116,15,2024-08-01,,Active
7360,1475,8,15,2024-08-01,,Active
7361,1475,67,15,2024-08-01,,Active
7362,1475,59,15,2024-08-01,,Active
7363,1475,40,15,2024-08-01,,Active
7364,1475,139,15,2024-08-01,,Active
7613,1526,34,15,2024-08-01,,Active
7614,1526,89,15,2024-08-01,,Active
7615,1526,58,15,2024-08-01,,Active
7616,1526,102,15,2024-08-01,,Completed
7993,1603,95,15,2024-08-01,,Active
7994,1603,98,15,2024-08-01,,Active
7995,1603,83,15,2024-08-01,,Active
7996,1603,143,15,2024-08-01,,Active
7997,1603,109,15,2024-08-01,,Active
7998,1603,86,15,2024-08-01,,Active
8158,1637,12,15,2024-08-01,,Active
8159,1637,139,15,2024-08-01,,Active
8160,1637,28,15,2024-08-01,,Active
8161,1637,103,15,2024-08-01,,Active
8162,1637,84,15,2024-08-01,,Active
8167,1639,2,15,2024-08-01,,Active
8168,1639,117,15,2024-08-01,,Completed
8169,1639,146,15,2024-08-01,,Active
8170,1639,12,15,2024-08-01,,Active
8171,1639,129,15,2024-08-01,,Active
8172,1639,63,15,2024-08-01,,Active
8477,1699,14,15,2024-08-01,,Active
8478,1699,5,15,2024-08-01,,Active
8479,1699,22,15,2024-08-01,,Active
8480,1699,34,15,2024-08-01,,Active
8481,1699,118,15,2024-08-01,,Active
8482,1699,8,15,2024-08-01,,Active
10034,2013,5,15,2024-08-01,,Active
10035,2013,124,15,2024-08-01,,Active
10036,2013,19,15,2024-08-01,,Active
10037,2013,76,15,2024-08-01,,Completed
10038,2013,75,15,2024-08-01,,Active
10117,2029,3,15,2024-08-01,,Active
10118,2029,142,15,2024-08-01,,Active
10119,2029,40,15,2024-08-01,,Active
10120,2029,28,15,2024-08-01,,Active
10121,2029,43,15,2024-08-01,,Active
10122,2029,75,15,2024-08-01,,Active
11255,2255,109,15,2024-08-01,,Completed
11256,2255,112,15,2024-08-01,,Active
11257,2255,3,15,2024-08-01,,Active
11258,2255,65,15,2024-08-01,,Active
11259,2255,148,15,2024-08-01,,Active
11260,2255,140,15,2024-08-01,,Active
11357,2275,83,15,2024-08-01,,Active
11358,2275,1,15,2024-08-01,,Active
11359,2275,115,15,2024-08-01,,Active
11360,2275,15,15,2024-08-01,,Active
11361,2275,11,15,2024-08-01,,Active
11362,2275,114,15,2024-08-01,,Active
11679,2339,111,15,2024-08-01,,Active
11680,2339,22,15,2024-08-01,,Active
11681,2339,55,15,2024-08-01,,Active
11682,2339,135,15,2024-08-01,,Active
11683,2339,41,15,2024-08-01,,Withdrawn
11833,2369,130,15,2024-08-01,,Active
11834,2369,138,15,2024-08-01,,Withdrawn
11835,2369,2,15,2024-08-01,,Active
11836,2369,121,15,2024-08-01,,Active
12013,2404,69,15,2024-08-01,,Active
12014,2404,18,15,2024-08-01,,Active
12015,2404,5,15,2024-08-01,,Active
12016,2404,76,15,2024-08-01,,Active
12017,2404,84,15,2024-08-01,,Active
12359,2474,23,15,2024-08-01,,Active
12360,2474,129,15,2024-08-01,,Active
12361,2474,138,15,2024-08-01,,Active
12362,2474,6,15,2024-08-01,,Active
12363,2474,22,15,2024-08-01,,Active
13043,2612,137,15,2024-08-01,,Active
13044,2612,74,15,2024-08-01,,Active
13045,2612,62,15,2024-08-01,,Active
13046,2612,51,15,2024-08-01,,Active
13047,2612,77,15,2024-08-01,,Active
13048,2612,44,15,2024-08-01,,Active
13157,2636,130,15,2024-08-01,,Active
13158,2636,7,15,2024-08-01,,Active
13159,2636,67,15,2024-08-01,,Active
13160,2636,92,15,2024-08-01,,Active
13161,2636,93,15,2024-08-01,,Active
13180,2640,50,15,2024-08-01,,Active
13181,2640,118,15,2024-08-01,,Active
13182,2640,57,15,2024-08-01,,Active
13183,2640,49,15,2024-08-01,,Active
13225,2649,55,15,2024-08-01,,Active
13226,2649,118,15,2024-08-01,,Completed
13227,2649,22,15,2024-08-01,,Active
13228,2649,51,15,2024-08-01,,Active
13229,2649,54,15,2024-08-01,,Active
14457,2894,22,15,2024-08-01,,Active
14458,2894,42,15,2024-08-01,,Active
14459,2894,1,15,2024-08-01,,Active
14460,2894,82,15,2024-08-01,,Completed
14461,2894,94,15,2024-08-01,,Active
14462,2894,107,15,2024-08-01,,Active
14668,2937,136,15,2024-08-01,,Active
14669,2937,59,15,2024-08-01,,Active
14670,2937,94,15,2024-08-01,,Active
14671,2937,70,15,2024-08-01,,Active
14672,2937,107,15,2024-08-01,,Active
14980,2999,68,15,2024-08-01,,Active
14981,2999,82,15,2024-08-01,,Active
14982,2999,13,15,2024-08-01,,Active
14983,2999,53,15,2024-08-01,,Active
15073,3018,40,15,2024-08-01,,Active
15074,3018,149,15,2024-08-01,,Active
15075,3018,113,15,2024-08-01,,Active
15076,3018,132,15,2024-08-01,,Active
15077,3018,4,15,2024-08-01,,Withdrawn
15392,3083,47,15,2024-08-01,,Active
15393,3083,69,15,2024-08-01,,Active
15394,3083,20,15,2024-08-01,,Active
15395,3083,109,15,2024-08-01,,Completed
15396,3083,115,15,2024-08-01,,Active
15397,3083,1,15,2024-08-01,,Active
15498,3104,36,15,2024-08-01,,Active
15499,3104,84,15,2024-08-01,,Withdrawn
15500,3104,7,15,2024-08-01,,Active
15501,3104,21,15,2024-08-01,,Active
15502,3104,20,15,2024-08-01,,Active
15623,3129,72,15,2024-08-01,,Active
15624,3129,81,15,2024-08-01,,Active
15625,3129,49,15,2024-08-01,,Active
15626,3129,88,15,2024-08-01,,Active
15627,3129,111,15,2024-08-01,,Active
15883,3183,122,15,2024-08-01,,Active
15884,3183,95,15,2024-08-01,,Active
15885,3183,87,15,2024-08-01,,Active
15886,3183,118,15,2024-08-01,,Active
15887,3183,49,15,2024-08-01,,Active
15888,3183,11,15,2024-08-01,,Active
16757,3362,36,15,2024-08-01,,Active
16758,3362,57,15,2024-08-01,,Active
16759,3362,135,15,2024-08-01,,Active
16760,3362,7,15,2024-08-01,,Active
16761,3362,122,15,2024-08-01,,Active
16762,3362,115,15,2024-08-01,,Active
16794,3369,21,15,2024-08-01,,Active
16795,3369,118,15,2024-08-01,,Completed
16796,3369,67,15,2024-08-01,,Active
16797,3369,57,15,2024-08-01,,Active
16798,3369,124,15,2024-08-01,,Active
16895,3390,139,15,2024-08-01,,Completed
16896,3390,75,15,2024-08-01,,Active
16897,3390,16,15,2024-08-01,,Active
16898,3390,41,15,2024-08-01,,Active
16899,3390,66,15,2024-08-01,,Active
16900,3390,150,15,2024-08-01,,Active
16975,3406,104,15,2024-08-01,,Active
16976,3406,55,15,2024-08-01,,Active
16977,3406,1,15,2024-08-01,,Completed
16978,3406,115,15,2024-08-01,,Active
16979,3406,75,15,2024-08-01,,Active
16980,3406,19,15,2024-08-01,,Active
18096,3625,44,15,2024-08-01,,Active
18097,3625,98,15,2024-08-01,,Active
18098,3625,37,15,2024-08-01,,Active
18099,3625,103,15,2024-08-01,,Active
18363,3679,61,15,2024-08-01,,Active
18364,3679,148,15,2024-08-01,,Completed
18365,3679,122,15,2024-08-01,,Active
18366,3679,143,15,2024-08-01,,Active
18367,3679,68,15,2024-08-01,,Active
18368,3679,105,15,2024-08-01,,Active
18465,3699,125,15,2024-08-01,,Active
18466,3699,73,15,2024-08-01,,Active
18467,3699,98,15,2024-08-01,,Active
18468,3699,16,15,2024-08-01,,Active
18481,3702,89,15,2024-08-01,,Active
18482,3702,127,15,2024-08-01,,Active
18483,3702,125,15,2024-08-01,,Active
18484,3702,25,15,2024-08-01,,Active
18485,3702,144,15,2024-08-01,,Active
19061,3817,79,15,2024-08-01,,Active
19062,3817,74,15,2024-08-01,,Active
19063,3817,37,15,2024-08-01,,Active
19064,3817,88,15,2024-08-01,,Completed
19065,3817,32,15,2024-08-01,,Completed
19335,3873,89,15,2024-08-01,,Active
19336,3873,33,15,2024-08-01,,Completed
19337,3873,135,15,2024-08-01,,Active
19338,3873,118,15,2024-08-01,,Active
19339,3873,50,15,2024-08-01,,Active
19340,3873,66,15,2024-08-01,,Active
19630,3932,142,15,2024-08-01,,Active
19631,3932,49,15,2024-08-01,,Active
19632,3932,58,15,2024-08-01,,Active
19633,3932,54,15,2024-08-01,,Withdrawn
19634,3932,81,15,2024-08-01,,Active
19635,3932,61,15,2024-08-01,,Active
20597,4127,56,15,2024-08-01,,Active
20598,4127,107,15,2024-08-01,,Active
20599,4127,136,15,2024-08-01,,Active
20600,4127,8,15,2024-08-01,,Active
21265,4260,45,15,2024-08-01,,Active
21266,4260,58,15,2024-08-01,,Active
21267,4260,138,15,2024-08-01,,Active
21268,4260,146,15,2024-08-01,,Active
21608,4326,100,15,2024-08-01,,Active
21609,4326,70,15,2024-08-01,,Active
21610,4326,53,15,2024-08-01,,Active
21611,4326,58,15,2024-08-01,,Active
21967,4397,6,15,2024-08-01,,Active
21968,4397,109,15,2024-08-01,,Active
21969,4397,12,15,2024-08-01,,Active
21970,4397,26,15,2024-08-01,,Active
22320,4470,61,15,2024-08-01,,Active
22321,4470,52,15,2024-08-01,,Active
22322,4470,36,15,2024-08-01,,Active
22323,4470,39,15,2024-08-01,,Completed
22519,4510,50,15,2024-08-01,,Active
22520,4510,118,15,2024-08-01,,Active
22521,4510,147,15,2024-08-01,,Active
22522,4510,65,15,2024-08-01,,Active
22562,4519,138,15,2024-08-01,,Active
22563,4519,58,15,2024-08-01,,Active
22564,4519,22,15,2024-08-01,,Active
22565,4519,130,15,2024-08-01,,Active
22898,4588,87,15,2024-08-01,,Completed
22899,4588,79,15,2024-08-01,,Active
22900,4588,141,15,2024-08-01,,Active
22901,4588,131,15,2024-08-01,,Active
22902,4588,8,15,2024-08-01,,Active
22903,4588,3,15,2024-08-01,,Completed
23354,4680,140,15,2024-08-01,,Active
23355,4680,88,15,2024-08-01,,Active
23356,4680,65,15,2024-08-01,,Active
23357,4680,42,15,2024-08-01,,Active
23358,4680,114,15,2024-08-01,,Completed
23359,4680,75,15,2024-08-01,,Active
23380,4685,135,15,2024-08-01,,Active
23381,4685,128,15,2024-08-01,,Active
23382,4685,148,15,2024-08-01,,Active
23383,4685,72,15,2024-08-01,,Active
23384,4685,81,15,2024-08-01,,Active
24133,4830,143,15,2024-08-01,,Active
24134,4830,94,15,2024-08-01,,Active
24135,4830,149,15,2024-08-01,,Active
24136,4830,90,15,2024-08-01,,Active
24137,4830,144,15,2024-08-01,,Active
24138,4830,44,15,2024-08-01,,Active
24201,4844,129,15,2024-08-01,,Withdrawn
24202,4844,38,15,2024-08-01,,Active
24203,4844,30,15,2024-08-01,,Completed
24204,4844,83,15,2024-08-01,,Active
24205,4844,13,15,2024-08-01,,Active
24206,4844,128,15,2024-08-01,,Active
24241,4852,14,15,2024-08-01,,Active
24242,4852,66,15,2024-08-01,,Active
24243,4852,136,15,2024-08-01,,Active
24244,4852,123,15,2024-08-01,,Active
24245,4852,28,15,2024-08-01,,Active
24326,4868,143,15,2024-08-01,,Active
24327,4868,119,15,2024-08-01,,Active
24328,4868,45,15,2024-08-01,,Active
24329,4868,59,15,2024-08-01,,Active
24378,4879,57,15,2024-08-01,,Active
24379,4879,22,15,2024-08-01,,Active
24380,4879,47,15,2024-08-01,,Active
24381,4879,29,15,2024-08-01,,Active
24382,4879,128,15,2024-08-01,,Active
24671,4940,50,15,2024-08-01,,Active
24672,4940,25,15,2024-08-01,,Active
24673,4940,118,15,2024-08-01,,Active
24674,4940,102,15,2024-08-01,,Active
24675,4940,42,15,2024-08-01,,Active
25411,5086,5,15,2024-08-01,,Active
25412,5086,65,15,2024-08-01,,Active
25413,5086,48,15,2024-08-01,,Active
25414,5086,63,15,2024-08-01,,Active
25905,5186,12,15,2024-08-01,,Active
25906,5186,120,15,2024-08-01,,Completed
25907,5186,122,15,2024-08-01,,Active
25908,5186,106,15,2024-08-01,,Active
25909,5186,85,15,2024-08-01,,Active
26075,5221,64,15,2024-08-01,,Active
26076,5221,6,15,2024-08-01,,Withdrawn
26077,5221,57,15,2024-08-01,,Active
26078,5221,147,15,2024-08-01,,Active
26176,5240,124,15,2024-08-01,,Active
26177,5240,61,15,2024-08-01,,Active
26178,5240,4,15,2024-08-01,,Active
26179,5240,110,15,2024-08-01,,Active
26180,5240,146,15,2024-08-01,,Active
26181,5240,6,15,2024-08-01,,Active
26322,5271,134,15,2024-08-01,,Active
26323,5271,63,15,2024-08-01,,Withdrawn
26324,5271,61,15,2024-08-01,,Active
26325,5271,11,15,2024-08-01,,Active
26326,5271,28,15,2024-08-01,,Active
26878,5378,91,15,2024-08-01,,Active
26879,5378,52,15,2024-08-01,,Active
26880,5378,137,15,2024-08-01,,Active
26881,5378,11,15,2024-08-01,,Active
26882,5378,66,15,2024-08-01,,Active
28915,5787,70,15,2024-08-01,,Active
28916,5787,77,15,2024-08-01,,Active
28917,5787,36,15,2024-08-01,,Active
28918,5787,145,15,2024-08-01,,Completed
28919,5787,18,15,2024-08-01,,Active
28920,5787,99,15,2024-08-01,,Active
29156,5836,108,15,2024-08-01,,Active
29157,5836,76,15,2024-08-01,,Active
29158,5836,124,15,2024-08-01,,Completed
29159,5836,33,15,2024-08-01,,Withdrawn
29160,5836,18,15,2024-08-01,,Active
29161,5836,10,15,2024-08-01,,Active
29189,5843,87,15,2024-08-01,,Active
29190,5843,69,15,2024-08-01,,Active
29191,5843,66,15,2024-08-01,,Active
29192,5843,124,15,2024-08-01,,Active
29193,5843,135,15,2024-08-01,,Active
30594,6127,29,15,2024-08-01,,Withdrawn
30595,6127,125,15,2024-08-01,,Active
30596,6127,15,15,2024-08-01,,Active
30597,6127,109,15,2024-08-01,,Active
30598,6127,57,15,2024-08-01,,Completed
30599,6127,139,15,2024-08-01,,Completed
30673,6142,53,15,2024-08-01,,Active
30674,6142,147,15,2024-08-01,,Active
30675,6142,30,15,2024-08-01,,Active
30676,6142,73,15,2024-08-01,,Active
31261,6258,143,15,2024-08-01,,Active
31262,6258,127,15,2024-08-01,,Active
31263,6258,72,15,2024-08-01,,Active
31264,6258,130,15,2024-08-01,,Active
31265,6258,16,15,2024-08-01,,Active
31266,6258,52,15,2024-08-01,,Active
31419,6289,20,15,2024-08-01,,Active
31420,6289,143,15,2024-08-01,,Active
31421,6289,147,15,2024-08-01,,Active
31422,6289,34,15,2024-08-01,,Active
31856,6379,11,15,2024-08-01,,Completed
31857,6379,131,15,2024-08-01,,Active
31858,6379,7,15,2024-08-01,,Active
31859,6379,68,15,2024-08-01,,Active
31860,6379,59,15,2024-08-01,,Active
32296,6467,5,15,2024-08-01,,Active
32297,6467,46,15,2024-08-01,,Active
32298,6467,101,15,2024-08-01,,Active
32299,6467,72,15,2024-08-01,,Active
32300,6467,108,15,2024-08-01,,Active
33091,6624,93,15,2024-08-01,,Active
33092,6624,32,15,2024-08-01,,Completed
33093,6624,108,15,2024-08-01,,Active
33094,6624,25,15,2024-08-01,,Active
33095,6624,88,15,2024-08-01,,Active
33096,6624,99,15,2024-08-01,,Active
33349,6677,96,15,2024-08-01,,Active
33350,6677,76,15,2024-08-01,,Active
33351,6677,140,15,2024-08-01,,Active
33352,6677,40,15,2024-08-01,,Active
33353,6677,20,15,2024-08-01,,Active
33354,6677,69,15,2024-08-01,,Active
33563,6719,116,15,2024-08-01,,Active
33564,6719,147,15,2024-08-01,,Active
33565,6719,112,15,2024-08-01,,Active
33566,6719,127,15,2024-08-01,,Active
33567,6719,111,15,2024-08-01,,Active
34003,6804,120,15,2024-08-01,,Active
34004,6804,34,15,2024-08-01,,Withdrawn
34005,6804,131,15,2024-08-01,,Active
34006,6804,27,15,2024-08-01,,Active
34007,6804,58,15,2024-08-01,,Active
34008,6804,14,15,2024-08-01,,Active
34055,6814,50,15,2024-08-01,,Completed
34056,6814,105,15,2024-08-01,,Active
34057,6814,90,15,2024-08-01,,Active
34058,6814,52,15,2024-08-01,,Active
34059,6814,102,15,2024-08-01,,Completed
34060,6814,91,15,2024-08-01,,Active
34154,6834,62,15,2024-08-01,,Active
34155,6834,59,15,2024-08-01,,Active
34156,6834,115,15,2024-08-01,,Active
34157,6834,49,15,2024-08-01,,Active
34158,6834,36,15,2024-08-01,,Active
34401,6884,139,15,2024-08-01,,Active
34402,6884,11,15,2024-08-01,,Active
34403,6884,136,15,2024-08-01,,Active
34404,6884,99,15,2024-08-01,,Active
34405,6884,75,15,2024-08-01,,Active
34406,6884,2,15,2024-08-01,,Active
35442,7089,37,15,2024-08-01,,Active
35443,7089,7,15,2024-08-01,,Active
35444,7089,6,15,2024-08-01,,Completed
35445,7089,26,15,2024-08-01,,Active
35549,7111,7,15,2024-08-01,,Active
35550,7111,59,15,2024-08-01,,Active
35551,7111,109,15,2024-08-01,,Active
35552,7111,122,15,2024-08-01,,Active
35553,7111,32,15,2024-08-01,,Active
35745,7152,134,15,2024-08-01,,Active
35746,7152,10,15,2024-08-01,,Active
35747,7152,108,15,2024-08-01,,Active
35748,7152,29,15,2024-08-01,,Active
35749,7152,38,15,2024-08-01,,Active
35750,7152,128,15,2024-08-01,,Active
35827,7167,120,15,2024-08-01,,Active
35828,7167,45,15,2024-08-01,,Active
35829,7167,21,15,2024-08-01,,Active
35830,7167,80,15,2024-08-01,,Active
36381,7277,119,15,2024-08-01,,Active
36382,7277,46,15,2024-08-01,,Active
36383,7277,100,15,2024-08-01,,Active
36384,7277,133,15,2024-08-01,,Active
36385,7277,96,15,2024-08-01,,Completed
36507,7301,21,15,2024-08-01,,Active
36508,7301,41,15,2024-08-01,,Active
36509,7301,131,15,2024-08-01,,Active
36510,7301,84,15,2024-08-01,,Active
36746,7349,37,15,2024-08-01,,Active
36747,7349,97,15,2024-08-01,,Active
36748,7349,99,15,2024-08-01,,Active
36749,7349,130,15,2024-08-01,,Active
36750,7349,12,15,2024-08-01,,Active
37155,7429,13,15,2024-08-01,,Active
37156,7429,133,15,2024-08-01,,Active
37157,7429,132,15,2024-08-01,,Active
37158,7429,53,15,2024-08-01,,Active
37159,7429,93,15,2024-08-01,,Active
37160,7429,142,15,2024-08-01,,Active
37322,7462,123,15,2024-08-01,,Active
37323,7462,108,15,2024-08-01,,Active
37324,7462,61,15,2024-08-01,,Active
37325,7462,44,15,2024-08-01,,Active
37363,7471,91,15,2024-08-01,,Active
37364,7471,74,15,2024-08-01,,Active
37365,7471,100,15,2024-08-01,,Active
37366,7471,133,15,2024-08-01,,Active
37367,7471,28,15,2024-08-01,,Active
37368,7471,88,15,2024-08-01,,Active
37432,7484,100,15,2024-08-01,,Active
37433,7484,142,15,2024-08-01,,Active
37434,7484,50,15,2024-08-01,,Active
37435,7484,48,15,2024-08-01,,Active
37436,7484,74,15,2024-08-01,,Active
37827,7562,139,15,2024-08-01,,Active
37828,7562,26,15,2024-08-01,,Active
37829,7562,22,15,2024-08-01,,Active
37830,7562,69,15,2024-08-01,,Active
38574,7713,32,15,2024-08-01,,Active
38575,7713,146,15,2024-08-01,,Active
38576,7713,51,15,2024-08-01,,Active
38577,7713,20,15,2024-08-01,,Active
38588,7716,43,15,2024-08-01,,Active
38589,7716,9,15,2024-08-01,,Active
38590,7716,129,15,2024-08-01,,Active
38591,7716,133,15,2024-08-01,,Active
38971,7792,121,15,2024-08-01,,Completed
38972,7792,37,15,2024-08-01,,Active
38973,7792,135,15,2024-08-01,,Active
38974,7792,24,15,2024-08-01,,Active
39132,7823,143,15,2024-08-01,,Active
39133,7823,133,15,2024-08-01,,Active
39134,7823,91,15,2024-08-01,,Active
39135,7823,25,15,2024-08-01,,Active
39136,7823,13,15,2024-08-01,,Active
39137,7823,11,15,2024-08-01,,Active
40015,8001,55,15,2024-08-01,,Active
40016,8001,79,15,2024-08-01,,Active
40017,8001,139,15,2024-08-01,,Active
40018,8001,61,15,2024-08-01,,Active
40019,8001,114,15,2024-08-01,,Active
40020,8001,73,15,2024-08-01,,Active
40618,8123,26,15,2024-08-01,,Active
40619,8123,106,15,2024-08-01,,Active
40620,8123,46,15,2024-08-01,,Active
40621,8123,42,15,2024-08-01,,Active
40622,8123,6,15,2024-08-01,,Active
40739,8147,94,15,2024-08-01,,Active
40740,8147,81,15,2024-08-01,,Active
40741,8147,52,15,2024-08-01,,Active
40742,8147,18,15,2024-08-01,,Active
41136,8226,74,15,2024-08-01,,Active
41137,8226,36,15,2024-08-01,,Active
41138,8226,84,15,2024-08-01,,Active
41139,8226,35,15,2024-08-01,,Active
41140,8226,21,15,2024-08-01,,Active
41253,8248,79,15,2024-08-01,,Active
41254,8248,8,15,2024-08-01,,Active
41255,8248,111,15,2024-08-01,,Active
41256,8248,56,15,2024-08-01,,Active
41257,8248,29,15,2024-08-01,,Active
41264,8250,37,15,2024-08-01,,Active
41265,8250,9,15,2024-08-01,,Active
41266,8250,71,15,2024-08-01,,Active
41267,8250,146,15,2024-08-01,,Active
41363,8271,73,15,2024-08-01,,Active
41364,8271,16,15,2024-08-01,,Active
41365,8271,14,15,2024-08-01,,Active
41366,8271,22,15,2024-08-01,,Active
41367,8271,134,15,2024-08-01,,Active
41485,8295,32,15,2024-08-01,,Active
41486,8295,82,15,2024-08-01,,Active
41487,8295,101,15,2024-08-01,,Active
41488,8295,21,15,2024-08-01,,Active
41489,8295,47,15,2024-08-01,,Active
41490,8295,4,15,2024-08-01,,Active
41672,8333,102,15,2024-08-01,,Active
41673,8333,134,15,2024-08-01,,Active
41674,8333,43,15,2024-08-01,,Active
41675,8333,77,15,2024-08-01,,Active
41759,8350,92,15,2024-08-01,,Active
41760,8350,115,15,2024-08-01,,Active
41761,8350,27,15,2024-08-01,,Active
41762,8350,69,15,2024-08-01,,Active
42008,8399,140,15,2024-08-01,,Active
42009,8399,109,15,2024-08-01,,Completed
42010,8399,128,15,2024-08-01,,Active
42011,8399,144,15,2024-08-01,,Active
42012,8399,57,15,2024-08-01,,Completed
42013,8399,54,15,2024-08-01,,Active
42462,8488,15,15,2024-08-01,,Active
42463,8488,69,15,2024-08-01,,Active
42464,8488,25,15,2024-08-01,,Active
42465,8488,41,15,2024-08-01,,Active
42466,8488,59,15,2024-08-01,,Active
42731,8541,128,15,2024-08-01,,Active
42732,8541,83,15,2024-08-01,,Active
42733,8541,82,15,2024-08-01,,Active
42734,8541,37,15,2024-08-01,,Active
42735,8541,125,15,2024-08-01,,Active
42841,8565,80,15,2024-08-01,,Active
42842,8565,18,15,2024-08-01,,Active
42843,8565,140,15,2024-08-01,,Active
42844,8565,59,15,2024-08-01,,Active
43123,8621,47,15,2024-08-01,,Active
43124,8621,59,15,2024-08-01,,Active
43125,8621,31,15,2024-08-01,,Active
43126,8621,89,15,2024-08-01,,Active
43127,8621,1,15,2024-08-01,,Active
44040,8805,101,15,2024-08-01,,Active
44041,8805,18,15,2024-08-01,,Active
44042,8805,28,15,2024-08-01,,Active
44043,8805,121,15,2024-08-01,,Active
44044,8805,108,15,2024-08-01,,Active
44061,8809,114,15,2024-08-01,,Active
44062,8809,116,15,2024-08-01,,Active
44063,8809,70,15,2024-08-01,,Active
44064,8809,86,15,2024-08-01,,Completed
44065,8809,34,15,2024-08-01,,Active
44066,8809,72,15,2024-08-01,,Active
44225,8842,60,15,2024-08-01,,Active
44226,8842,93,15,2024-08-01,,Active
44227,8842,116,15,2024-08-01,,Active
44228,8842,72,15,2024-08-01,,Active
44229,8842,136,15,2024-08-01,,Active
44276,8852,91,15,2024-08-01,,Active
44277,8852,6,15,2024-08-01,,Active
44278,8852,45,15,2024-08-01,,Active
44279,8852,123,15,2024-08-01,,Active
44280,8852,115,15,2024-08-01,,Completed
44281,8852,21,15,2024-08-01,,Active
44358,8868,91,15,2024-08-01,,Active
44359,8868,24,15,2024-08-01,,Active
44360,8868,9,15,2024-08-01,,Active
44361,8868,76,15,2024-08-01,,Active
44362,8868,44,15,2024-08-01,,Completed
44457,8888,109,15,2024-08-01,,Completed
44458,8888,66,15,2024-08-01,,Active
44459,8888,53,15,2024-08-01,,Completed
44460,8888,98,15,2024-08-01,,Active
44461,8888,12,15,2024-08-01,,Active
44488,8894,31,15,2024-08-01,,Active
44489,8894,41,15,2024-08-01,,Active
44490,8894,59,15,2024-08-01,,Active
44491,8894,102,15,2024-08-01,,Active
44574,8911,94,15,2024-08-01,,Withdrawn
44575,8911,112,15,2024-08-01,,Active
44576,8911,49,15,2024-08-01,,Active
44577,8911,48,15,2024-08-01,,Active
44578,8911,116,15,2024-08-01,,Active
44579,8911,60,15,2024-08-01,,Active
44658,8928,54,15,2024-08-01,,Completed
44659,8928,61,15,2024-08-01,,Active
44660,8928,76,15,2024-08-01,,Active
44661,8928,73,15,2024-08-01,,Active
44662,8928,37,15,2024-08-01,,Active
44998,8996,50,15,2024-08-01,,Active
44999,8996,16,15,2024-08-01,,Active
45000,8996,124,15,2024-08-01,,Active
45001,8996,72,15,2024-08-01,,Active
45002,8996,45,15,2024-08-01,,Completed
45451,9085,121,15,2024-08-01,,Active
45452,9085,66,15,2024-08-01,,Active
45453,9085,20,15,2024-08-01,,Active
45454,9085,79,15,2024-08-01,,Active
45455,9085,61,15,2024-08-01,,Active
46239,9241,27,15,2024-08-01,,Active
46240,9241,21,15,2024-08-01,,Active
46241,9241,102,15,2024-08-01,,Active
46242,9241,61,15,2024-08-01,,Active
46243,9241,7,15,2024-08-01,,Active
46691,9332,33,15,2024-08-01,,Withdrawn
46692,9332,139,15,2024-08-01,,Active
46693,9332,94,15,2024-08-01,,Active
46694,9332,69,15,2024-08-01,,Active
46695,9332,50,15,2024-08-01,,Active
46696,9332,46,15,2024-08-01,,Active
46831,9360,115,15,2024-08-01,,Active
46832,9360,142,15,2024-08-01,,Active
46833,9360,3,15,2024-08-01,,Active
46834,9360,56,15,2024-08-01,,Active
46835,9360,36,15,2024-08-01,,Active
46836,9360,2,15,2024-08-01,,Active
46877,9369,125,15,2024-08-01,,Active
46878,9369,109,15,2024-08-01,,Active
46879,9369,69,15,2024-08-01,,Active
46880,9369,96,15,2024-08-01,,Active
46881,9369,22,15,2024-08-01,,Active
46886,9371,44,15,2024-08-01,,Active
46887,9371,143,15,2024-08-01,,Active
46888,9371,37,15,2024-08-01,,Active
46889,9371,141,15,2024-08-01,,Active
47312,9457,120,15,2024-08-01,,Active
47313,9457,146,15,2024-08-01,,Active
47314,9457,11,15,2024-08-01,,Active
47315,9457,105,15,2024-08-01,,Active
47706,9534,50,15,2024-08-01,,Active
47707,9534,95,15,2024-08-01,,Active
47708,9534,37,15,2024-08-01,,Active
47709,9534,126,15,2024-08-01,,Active
47710,9534,47,15,2024-08-01,,Active
47711,9534,36,15,2024-08-01,,Active
47718,9536,30,15,2024-08-01,,Active
47719,9536,32,15,2024-08-01,,Active
47720,9536,111,15,2024-08-01,,Active
47721,9536,57,15,2024-08-01,,Active
47933,9579,90,15,2024-08-01,,Active
47934,9579,34,15,2024-08-01,,Active
47935,9579,33,15,2024-08-01,,Active
47936,9579,2,15,2024-08-01,,Active
47937,9579,54,15,2024-08-01,,Active
48157,9624,138,15,2024-08-01,,Active
48158,9624,93,15,2024-08-01,,Active
48159,9624,72,15,2024-08-01,,Active
48160,9624,115,15,2024-08-01,,Active
48161,9624,20,15,2024-08-01,,Active
48162,9624,112,15,2024-08-01,,Completed
48921,9776,149,15,2024-08-01,,Active
48922,9776,59,15,2024-08-01,,Active
48923,9776,104,15,2024-08-01,,Completed
48924,9776,132,15,2024-08-01,,Active
49014,9795,30,15,2024-08-01,,Active
49015,9795,109,15,2024-08-01,,Active
49016,9795,139,15,2024-08-01,,Active
49017,9795,100,15,2024-08-01,,Active
49621,9916,47,15,2024-08-01,,Active
49622,9916,5,15,2024-08-01,,Active
49623,9916,24,15,2024-08-01,,Active
49624,9916,70,15,2024-08-01,,Active
49675,9926,39,15,2024-08-01,,Active
49676,9926,117,15,2024-08-01,,Active
49677,9926,34,15,2024-08-01,,Active
49678,9926,10,15,2024-08-01,,Active
